{
    "1.0": [
        [
            0.6899116039276123,
            0.6202599406242371,
            10.479681015014648,
            0.6128339171409607,
            0.6661189198493958,
            10.317289352416992
        ],
        [
            0.6849128603935242,
            0.6051146984100342,
            10.529144287109375,
            0.6899116039276123,
            0.6202599406242371,
            10.479681015014648
        ],
        [
            0.6128339171409607,
            0.6661189198493958,
            10.317289352416992,
            0.6081245541572571,
            0.6505175828933716,
            10.366752624511719
        ],
        [
            0.6849128603935242,
            0.6051146984100342,
            10.529144287109375,
            0.6081245541572571,
            0.6505175828933716,
            10.366752624511719
        ]
    ],
    "10.0": [
        [
            0.5598034858703613,
            0.5493205189704895,
            11.632668495178223,
            0.5042721629142761,
            0.5080601572990417,
            11.213804244995117
        ],
        [
            0.5669872164726257,
            0.5437864065170288,
            11.57468032836914,
            0.5598034858703613,
            0.5493205189704895,
            11.632668495178223
        ],
        [
            0.5042721629142761,
            0.5080601572990417,
            11.213804244995117,
            0.5114369988441467,
            0.5021038055419922,
            11.155816078186035
        ],
        [
            0.5669872164726257,
            0.5437864065170288,
            11.57468032836914,
            0.5114369988441467,
            0.5021038055419922,
            11.155816078186035
        ]
    ]
}