{
    "1.0": [
        [
            0.5598034858703613,
            0.5493205189704895,
            11.632668495178223,
            0.5042721629142761,
            0.5080601572990417,
            11.213804244995117
        ],
        [
            0.5669872164726257,
            0.5437864065170288,
            11.57468032836914,
            0.5598034858703613,
            0.5493205189704895,
            11.632668495178223
        ],
        [
            0.5042721629142761,
            0.5080601572990417,
            11.213804244995117,
            0.5114369988441467,
            0.5021038055419922,
            11.155816078186035
        ],
        [
            0.5669872164726257,
            0.5437864065170288,
            11.57468032836914,
            0.5114369988441467,
            0.5021038055419922,
            11.155816078186035
        ]
    ],
    "10.0": [
        [
            0.9201616644859314,
            0.13027244806289673,
            10.87441349029541,
            0.8494147658348083,
            0.16701343655586243,
            10.712021827697754
        ],
        [
            0.9143009781837463,
            0.11789306998252869,
            10.923876762390137,
            0.9201616644859314,
            0.13027244806289673,
            10.87441349029541
        ],
        [
            0.8494147658348083,
            0.16701343655586243,
            10.712021827697754,
            0.8437907695770264,
            0.15427838265895844,
            10.76148509979248
        ],
        [
            0.9143009781837463,
            0.11789306998252869,
            10.923876762390137,
            0.8437907695770264,
            0.15427838265895844,
            10.76148509979248
        ]
    ]
}