{
    "1.0": [
        [
            1.5326488018035889,
            0.48310744762420654,
            0.7764750123023987,
            0.8997672200202942,
            0.6785909533500671,
            0.9388666749000549
        ],
        [
            1.4995219707489014,
            0.41694873571395874,
            0.7270115613937378,
            1.5326488018035889,
            0.48310744762420654,
            0.7764750123023987
        ],
        [
            0.8997672200202942,
            0.6785909533500671,
            0.9388666749000549,
            0.8666403293609619,
            0.6124322414398193,
            0.889403223991394
        ],
        [
            1.4995219707489014,
            0.41694873571395874,
            0.7270115613937378,
            0.8666403293609619,
            0.6124322414398193,
            0.889403223991394
        ]
    ],
    "10.0": [
        [
            0.540860116481781,
            0.18723616003990173,
            -0.37651294469833374,
            0.044584840536117554,
            -0.021060876548290253,
            0.042351286858320236
        ],
        [
            0.6019070744514465,
            0.15839895606040955,
            -0.31852424144744873,
            0.540860116481781,
            0.18723616003990173,
            -0.37651294469833374
        ],
        [
            0.044584840536117554,
            -0.021060876548290253,
            0.042351286858320236,
            0.10563178360462189,
            -0.04989808052778244,
            0.10033997148275375
        ],
        [
            0.6019070744514465,
            0.15839895606040955,
            -0.31852424144744873,
            0.10563178360462189,
            -0.04989808052778244,
            0.10033997148275375
        ]
    ]
}